<drawing><figures><ent id="0"><children><r id="1" x="418" y="139" w="80" h="40"><a><fillColor><color rgba="#ffebffe8"/></fillColor></a></r><t id="2" x="435.1982421875" y="152.015625"><a><text><string>Usu&#xe1;rio</string></text></a></t></children></ent><disjuncao id="3"><children><circ id="4" x="448" y="282" w="20" h="20"><a><fillColor><color rgba="#fff5f2e0"/></fillColor></a></circ><tn id="5" x="452" y="283"><a><fontBold><boolean>true</boolean></fontBold><fontSize><double>16</double></fontSize><text><string>d</string></text></a></tn></children></disjuncao><ent id="6"><children><r id="7" x="267" y="423" w="80" h="40"><a><fillColor><color rgba="#ffebffe8"/></fillColor></a></r><t id="8" x="283.59765625" y="436.015625"><a><text><string>Bolsista</string></text></a></t></children></ent><ent id="9"><children><r id="a" x="569" y="429" w="80" h="40"><a><fillColor><color rgba="#ffebffe8"/></fillColor></a></r><t id="b" x="589.7724609375" y="442.015625"><a><text><string>Admin</string></text></a></t></children></ent><generalizacaoLine id="c"><points><p colinear="true" x="448" y="302" c1x="-19" c1y="-4" c2x="-19" c2y="-4"/><p colinear="true" x="327" y="423" c1x="-19" c1y="-4" c2x="-19" c2y="-4"/></points><startConnector><rConnector id="d"><Owner><disjuncao ref="3"/></Owner></rConnector></startConnector><endConnector><rConnector id="e"><Owner><ent ref="6"/></Owner></rConnector></endConnector></generalizacaoLine><generalizacaoLine id="f"><points><p colinear="true" x="467.61783439490443" y="302" c1x="-19" c1y="-4" c2x="-19" c2y="-4"/><p colinear="true" x="589.7643312101911" y="429" c1x="-19" c1y="-4" c2x="-19" c2y="-4"/></points><startConnector><rConnector id="10"><Owner><disjuncao ref="3"/></Owner></rConnector></startConnector><endConnector><rConnector id="11"><Owner><ent ref="9"/></Owner></rConnector></endConnector></generalizacaoLine><llabelUm id="12"><points><p colinear="true" x="458" y="179" c1x="-19" c1y="-4" c2x="-19" c2y="-4"/><p colinear="true" x="458" y="282" c1x="-19" c1y="-4" c2x="-19" c2y="-4"/></points><startConnector><rConnector id="13"><Owner><ent ref="0"/></Owner></rConnector></startConnector><endConnector><rConnector id="14"><Owner><disjuncao ref="3"/></Owner></rConnector></endConnector></llabelUm><ent id="15"><children><r id="16" x="925" y="432" w="80" h="40"><a><fillColor><color rgba="#ffebffe8"/></fillColor></a></r><t id="17" x="942.845703125" y="445.015625"><a><text><string>Quadra</string></text></a></t></children></ent><ent id="18"><children><r id="19" x="1305" y="429" w="80" h="40"><a><fillColor><color rgba="#ffebffe8"/></fillColor></a></r><t id="1a" x="1328.576171875" y="442.015625"><a><text><string>Bloco</string></text></a></t></children></ent><ent id="1b"><children><r id="1c" x="911" y="134" w="104.509765625" h="40"><a><fillColor><color rgba="#ffebffe8"/></fillColor></a></r><t id="1d" x="921" y="147.015625"><a><text><string>Agendamento</string></text></a></t></children></ent><ent id="1e"><children><r id="1f" x="927" y="761" w="80" h="40"><a><fillColor><color rgba="#ffebffe8"/></fillColor></a></r><t id="20" x="946.140625" y="774.015625"><a><text><string>Evento</string></text></a></t></children></ent><rel id="21"><children><diamond id="22" x="627" y="138" w="80" h="40"><a><fillColor><color rgba="#ffddddff"/></fillColor></a></diamond><t id="23" x="645.302734375" y="151.015625"><a><text><string>Realiza</string></text></a></t></children></rel><rel id="24"><children><diamond id="25" x="924" y="285" w="80" h="40"><a><fillColor><color rgba="#ffddddff"/></fillColor></a></diamond><t id="26" x="939.6279296875" y="298.015625"><a><text><string>Reserva</string></text></a></t></children></rel><rel id="27"><children><diamond id="28" x="1114" y="430" w="80" h="40"><a><fillColor><color rgba="#ffddddff"/></fillColor></a></diamond><t id="29" x="1127.38671875" y="443.015625"><a><text><string>Pertence</string></text></a></t></children></rel><rel id="2a"><children><diamond id="2b" x="925" y="594" w="80" h="40"><a><fillColor><color rgba="#ffddddff"/></fillColor></a></diamond><t id="2c" x="944.6826171875" y="607.015625"><a><text><string>Ocorre</string></text></a></t></children></rel><llabelMuitos id="2d"><points><p colinear="true" x="707" y="157.45992451337497" c1x="19" c1y="-56" c2x="19" c2y="-56"/><p colinear="true" x="911" y="154.70553953158736" c1x="19" c1y="-56" c2x="19" c2y="-56"/></points><startConnector><rConnector id="2e"><Owner><rel ref="21"/></Owner></rConnector></startConnector><endConnector><rConnector id="2f"><Owner><ent ref="1b"/></Owner></rConnector></endConnector><a><text><string>N</string></text></a></llabelMuitos><llabelMuitos id="30"><points><p colinear="true" x="963.9013089817881" y="285" c1x="105" c1y="-59" c2x="105" c2y="-59"/><p colinear="true" x="963.3535738307119" y="174" c1x="105" c1y="-59" c2x="105" c2y="-59"/></points><startConnector><rConnector id="31"><Owner><rel ref="24"/></Owner></rConnector></startConnector><endConnector><rConnector id="32"><Owner><ent ref="1b"/></Owner></rConnector></endConnector><a><text><string>N</string></text></a></llabelMuitos><llabelUm id="33"><points><p colinear="true" x="964.1360544217687" y="325" c1x="105" c1y="-59" c2x="105" c2y="-59"/><p colinear="true" x="964.8639455782313" y="432" c1x="105" c1y="-59" c2x="105" c2y="-59"/></points><startConnector><rConnector id="34"><Owner><rel ref="24"/></Owner></rConnector></startConnector><endConnector><rConnector id="35"><Owner><ent ref="15"/></Owner></rConnector></endConnector></llabelUm><llabelMuitos id="36"><points><p colinear="true" x="1114" y="450.4232804232804" c1x="105" c1y="-59" c2x="105" c2y="-59"/><p colinear="true" x="1005" y="451.5767195767196" c1x="105" c1y="-59" c2x="105" c2y="-59"/></points><startConnector><rConnector id="37"><Owner><rel ref="27"/></Owner></rConnector></startConnector><endConnector><rConnector id="38"><Owner><ent ref="15"/></Owner></rConnector></endConnector><a><text><string>N</string></text></a></llabelMuitos><llabelMuitos id="39"><points><p colinear="true" x="965" y="594" c1x="86" c1y="-3" c2x="86" c2y="-3"/><p colinear="true" x="965" y="472" c1x="86" c1y="-3" c2x="86" c2y="-3"/></points><startConnector><rConnector id="3a"><Owner><rel ref="2a"/></Owner></rConnector></startConnector><endConnector><rConnector id="3b"><Owner><ent ref="15"/></Owner></rConnector></endConnector><a><text><string>N</string></text></a></llabelMuitos><llabelMuitos id="3c"><points><p colinear="true" x="965.2395209580839" y="634" c1x="86" c1y="-3" c2x="86" c2y="-3"/><p colinear="true" x="966.7604790419161" y="761" c1x="86" c1y="-3" c2x="86" c2y="-3"/></points><startConnector><rConnector id="3d"><Owner><rel ref="2a"/></Owner></rConnector></startConnector><endConnector><rConnector id="3e"><Owner><ent ref="1e"/></Owner></rConnector></endConnector><a><text><string>M</string></text></a></llabelMuitos><llabelUm id="3f"><points><p colinear="true" x="627" y="158.19138755980862" c1x="0" c1y="0" c2x="0" c2y="0"/><p colinear="true" x="498" y="158.80861244019138" c1x="0" c1y="0" c2x="0" c2y="0"/></points><startConnector><rConnector id="40"><Owner><rel ref="21"/></Owner></rConnector></startConnector><endConnector><rConnector id="41"><Owner><ent ref="0"/></Owner></rConnector></endConnector></llabelUm><llabelUm id="42"><points><p colinear="true" x="1194" y="449.79057591623035" c1x="86" c1y="-3" c2x="86" c2y="-3"/><p colinear="true" x="1305" y="449.20942408376965" c1x="86" c1y="-3" c2x="86" c2y="-3"/></points><startConnector><rConnector id="43"><Owner><rel ref="27"/></Owner></rConnector></startConnector><endConnector><rConnector id="44"><Owner><ent ref="18"/></Owner></rConnector></endConnector></llabelUm><ent id="45"><children><r id="46" x="1359" y="130" w="106.0859375" h="40"><a><fillColor><color rgba="#ffebffe8"/></fillColor></a></r><t id="47" x="1369" y="143.015625"><a><text><string>Equipamentos</string></text></a></t></children></ent><rel id="48"><children><diamond id="49" x="1146" y="136" w="80" h="40"><a><fillColor><color rgba="#ffddddff"/></fillColor></a></diamond><t id="4a" x="1161.6279296875" y="149.015625"><a><text><string>Reserva</string></text></a></t></children></rel><llabelMuitos id="4b"><points><p colinear="true" x="1226" y="154.9382549639691" c1x="86" c1y="-3" c2x="86" c2y="-3"/><p colinear="true" x="1359" y="151.40795271916636" c1x="86" c1y="-3" c2x="86" c2y="-3"/></points><startConnector><rConnector id="4c"><Owner><rel ref="48"/></Owner></rConnector></startConnector><endConnector><rConnector id="4d"><Owner><ent ref="45"/></Owner></rConnector></endConnector><a><text><string>N</string></text></a></llabelMuitos><llabelMuitos id="4e"><points><p colinear="true" x="1146" y="155.6408451012973" c1x="86" c1y="-3" c2x="86" c2y="-3"/><p colinear="true" x="1015.509765625" y="154.46918992858113" c1x="86" c1y="-3" c2x="86" c2y="-3"/></points><startConnector><rConnector id="4f"><Owner><rel ref="48"/></Owner></rConnector></startConnector><endConnector><rConnector id="50"><Owner><ent ref="1b"/></Owner></rConnector></endConnector><a><text><string>M</string></text></a></llabelMuitos><atrchave id="51" nullable="false" attributeType="NUMBER"><children><e id="52" x="363" y="55" w="31" h="20"><a><fillColor><color rgba="#ffffebeb"/></fillColor></a></e><t id="53" x="368.0380859375" y="58.015625"><a><fontUnderlined><boolean>true</boolean></fontUnderlined><fontBold><boolean>true</boolean></fontBold><text><string>cpf</string></text></a></t></children></atrchave><atr id="54" nullable="false" attributeType="VARCHAR2(128)"><children><e id="55" x="396" y="54" w="54" h="20"><a><fillColor><color rgba="#ffffebeb"/></fillColor></a></e><t id="56" x="402.181640625" y="57.015625"><a><text><string>pnome</string></text></a></t></children></atr><atr id="57" nullable="false" attributeType="VARCHAR2(128)"><children><e id="58" x="455" y="54" w="48" h="20"><a><fillColor><color rgba="#ffffebeb"/></fillColor></a></e><t id="59" x="458.1875" y="57.015625"><a><text><string>unome</string></text></a></t></children></atr><atr id="5a" nullable="false" attributeType="VARCHAR2(128)"><children><e id="5b" x="507" y="54" w="36" h="20"><a><fillColor><color rgba="#ffffebeb"/></fillColor></a></e><t id="5c" x="508.453125" y="57.015625"><a><text><string>email</string></text></a></t></children></atr><atr id="5d" nullable="false" attributeType="VARCHAR2(128)"><children><e id="5e" x="553" y="53" w="41" h="20"><a><fillColor><color rgba="#ffffebeb"/></fillColor></a></e><t id="5f" x="555.400390625" y="56.015625"><a><text><string>senha</string></text></a></t></children></atr><lcaf id="60"><points><p colinear="true" x="386.95744680851067" y="75" c1x="0" c1y="0" c2x="0" c2y="0"/><p colinear="true" x="441.0851063829787" y="139" c1x="0" c1y="0" c2x="0" c2y="0"/></points><startConnector><rConnector id="61"><Owner><atrchave ref="51"/></Owner></rConnector></startConnector><endConnector><rConnector id="62"><Owner><ent ref="0"/></Owner></rConnector></endConnector></lcaf><lcaf id="63"><points><p colinear="true" x="426.6842105263158" y="74" c1x="0" c1y="0" c2x="0" c2y="0"/><p colinear="true" x="450.63157894736844" y="139" c1x="0" c1y="0" c2x="0" c2y="0"/></points><startConnector><rConnector id="64"><Owner><atr ref="54"/></Owner></rConnector></startConnector><endConnector><rConnector id="65"><Owner><ent ref="0"/></Owner></rConnector></endConnector></lcaf><lcaf id="66"><points><p colinear="true" x="476.7894736842105" y="74" c1x="0" c1y="0" c2x="0" c2y="0"/><p colinear="true" x="462.42105263157896" y="139" c1x="0" c1y="0" c2x="0" c2y="0"/></points><startConnector><rConnector id="67"><Owner><atr ref="57"/></Owner></rConnector></startConnector><endConnector><rConnector id="68"><Owner><ent ref="0"/></Owner></rConnector></endConnector></lcaf><lcaf id="69"><points><p colinear="true" x="517.9473684210526" y="74" c1x="0" c1y="0" c2x="0" c2y="0"/><p colinear="true" x="472.10526315789474" y="139" c1x="0" c1y="0" c2x="0" c2y="0"/></points><startConnector><rConnector id="6a"><Owner><atr ref="5a"/></Owner></rConnector></startConnector><endConnector><rConnector id="6b"><Owner><ent ref="0"/></Owner></rConnector></endConnector></lcaf><lcaf id="6c"><points><p colinear="true" x="561.46875" y="73" c1x="0" c1y="0" c2x="0" c2y="0"/><p colinear="true" x="482.0625" y="139" c1x="0" c1y="0" c2x="0" c2y="0"/></points><startConnector><rConnector id="6d"><Owner><atr ref="5d"/></Owner></rConnector></startConnector><endConnector><rConnector id="6e"><Owner><ent ref="0"/></Owner></rConnector></endConnector></lcaf><atr id="6f" nullable="false" attributeType="VARCHAR2(128)"><children><e id="70" x="161" y="420" w="83.140625" h="20"><a><fillColor><color rgba="#ffffebeb"/></fillColor></a></e><t id="71" x="171" y="423.015625"><a><text><string>id_bolsista</string></text></a></t></children></atr><atr id="72" nullable="false" attributeType="VARCHAR2(128)"><children><e id="73" x="167" y="447" w="49" h="20"><a><fillColor><color rgba="#ffffebeb"/></fillColor></a></e><t id="74" x="175.134765625" y="450.015625"><a><text><string>curso</string></text></a></t></children></atr><lcaf id="75"><points><p colinear="true" x="244.140625" y="435.17490835640007" c1x="0" c1y="0" c2x="0" c2y="0"/><p colinear="true" x="267" y="438.02057305304106" c1x="0" c1y="0" c2x="0" c2y="0"/></points><startConnector><rConnector id="76"><Owner><atr ref="6f"/></Owner></rConnector></startConnector><endConnector><rConnector id="77"><Owner><ent ref="6"/></Owner></rConnector></endConnector></lcaf><lcaf id="78"><points><p colinear="true" x="216" y="454.030303030303" c1x="0" c1y="0" c2x="0" c2y="0"/><p colinear="true" x="267" y="447.8484848484849" c1x="0" c1y="0" c2x="0" c2y="0"/></points><startConnector><rConnector id="79"><Owner><atr ref="72"/></Owner></rConnector></startConnector><endConnector><rConnector id="7a"><Owner><ent ref="6"/></Owner></rConnector></endConnector></lcaf><atr id="7b" nullable="false" attributeType="VARCHAR2(128)"><children><e id="7c" x="701" y="438" w="72" h="20"><a><fillColor><color rgba="#ffffebeb"/></fillColor></a></e><t id="7d" x="709.724609375" y="441.015625"><a><text><string>id_admin</string></text></a></t></children></atr><atr id="7e" nullable="false" attributeType="VARCHAR2(128)"><children><e id="7f" x="653" y="55" w="51" h="20"><a><fillColor><color rgba="#ffffebeb"/></fillColor></a></e><t id="80" x="658.1357421875" y="58.015625"><a><text><string>funcao</string></text></a></t></children></atr><lcaf id="81"><points><p colinear="true" x="701" y="448.28125" c1x="0" c1y="0" c2x="0" c2y="0"/><p colinear="true" x="649" y="448.6875" c1x="0" c1y="0" c2x="0" c2y="0"/></points><startConnector><rConnector id="82"><Owner><atr ref="7b"/></Owner></rConnector></startConnector><endConnector><rConnector id="83"><Owner><ent ref="9"/></Owner></rConnector></endConnector></lcaf><lcaf id="84"><points><p colinear="true" x="655.0425531914893" y="75" c1x="0" c1y="0" c2x="0" c2y="0"/><p colinear="true" x="498" y="141.94784580498867" c1x="0" c1y="0" c2x="0" c2y="0"/></points><startConnector><rConnector id="85"><Owner><atr ref="7e"/></Owner></rConnector></startConnector><endConnector><rConnector id="86"><Owner><ent ref="0"/></Owner></rConnector></endConnector></lcaf><atrchave id="87" nullable="false" attributeType="NUMBER"><children><e id="88" x="802" y="48" w="114" h="20"><a><fillColor><color rgba="#ffffebeb"/></fillColor></a></e><t id="89" x="803.037109375" y="51.015625"><a><fontUnderlined><boolean>true</boolean></fontUnderlined><fontBold><boolean>true</boolean></fontBold><text><string>id_agendamento</string></text></a></t></children></atrchave><atr id="8a" nullable="false" attributeType="VARCHAR2(128)"><children><e id="8b" x="947" y="45" w="50" h="20"><a><fillColor><color rgba="#ffffebeb"/></fillColor></a></e><t id="8c" x="958.4853515625" y="48.015625"><a><text><string>data</string></text></a></t></children></atr><atr id="8d" nullable="false" attributeType="VARCHAR2(128)"><children><e id="8e" x="868" y="11" w="100.390625" h="20"><a><fillColor><color rgba="#ffffebeb"/></fillColor></a></e><t id="8f" x="878" y="14.015625"><a><text><string>horario_inicio</string></text></a></t></children></atr><atr id="90" nullable="false" attributeType="VARCHAR2(128)"><children><e id="91" x="1048" y="55" w="56" h="20"><a><fillColor><color rgba="#ffffebeb"/></fillColor></a></e><t id="92" x="1057.5634765625" y="58.015625"><a><text><string>status</string></text></a></t></children></atr><lcaf id="93"><points><p colinear="true" x="869.8598836263021" y="68" c1x="0" c1y="0" c2x="0" c2y="0"/><p colinear="true" x="941.5351155598959" y="134" c1x="0" c1y="0" c2x="0" c2y="0"/></points><startConnector><rConnector id="94"><Owner><atrchave ref="87"/></Owner></rConnector></startConnector><endConnector><rConnector id="95"><Owner><ent ref="1b"/></Owner></rConnector></endConnector></lcaf><lcaf id="96"><points><p colinear="true" x="971.1166548295455" y="65" c1x="0" c1y="0" c2x="0" c2y="0"/><p colinear="true" x="965.0215731534091" y="134" c1x="0" c1y="0" c2x="0" c2y="0"/></points><startConnector><rConnector id="97"><Owner><atr ref="8a"/></Owner></rConnector></startConnector><endConnector><rConnector id="98"><Owner><ent ref="1b"/></Owner></rConnector></endConnector></lcaf><lcaf id="99"><points><p colinear="true" x="921.5832501174812" y="31" c1x="0" c1y="0" c2x="0" c2y="0"/><p colinear="true" x="956.4790075775376" y="134" c1x="0" c1y="0" c2x="0" c2y="0"/></points><startConnector><rConnector id="9a"><Owner><atr ref="8d"/></Owner></rConnector></startConnector><endConnector><rConnector id="9b"><Owner><ent ref="1b"/></Owner></rConnector></endConnector></lcaf><lcaf id="9c"><points><p colinear="true" x="1063.3320093047753" y="75" c1x="0" c1y="0" c2x="0" c2y="0"/><p colinear="true" x="988.5908642029494" y="134" c1x="0" c1y="0" c2x="0" c2y="0"/></points><startConnector><rConnector id="9d"><Owner><atr ref="90"/></Owner></rConnector></startConnector><endConnector><rConnector id="9e"><Owner><ent ref="1b"/></Owner></rConnector></endConnector></lcaf><atrchave id="9f" nullable="false" attributeType="NUMBER"><children><e id="a0" x="796" y="412" w="80" h="20"><a><fillColor><color rgba="#ffffebeb"/></fillColor></a></e><t id="a1" x="802.73046875" y="415.015625"><a><fontUnderlined><boolean>true</boolean></fontUnderlined><fontBold><boolean>true</boolean></fontBold><text><string>id_quadra</string></text></a></t></children></atrchave><atr id="a2" nullable="false" attributeType="VARCHAR2(128)"><children><e id="a3" x="797" y="444" w="80" h="20"><a><fillColor><color rgba="#ffffebeb"/></fillColor></a></e><t id="a4" x="801.6796875" y="447.015625"><a><text><string>modalidade</string></text></a></t></children></atr><atr id="a5" nullable="false" attributeType="VARCHAR2(128)"><children><e id="a6" x="797" y="479" w="80" h="20"><a><fillColor><color rgba="#ffffebeb"/></fillColor></a></e><t id="a7" x="808.294921875" y="482.015625"><a><text><string>descricao</string></text></a></t></children></atr><lcaf id="a8"><points><p colinear="true" x="876" y="431.30232558139534" c1x="0" c1y="0" c2x="0" c2y="0"/><p colinear="true" x="925" y="442.69767441860466" c1x="0" c1y="0" c2x="0" c2y="0"/></points><startConnector><rConnector id="a9"><Owner><atrchave ref="9f"/></Owner></rConnector></startConnector><endConnector><rConnector id="aa"><Owner><ent ref="15"/></Owner></rConnector></endConnector></lcaf><lcaf id="ab"><points><p colinear="true" x="877" y="453.375" c1x="0" c1y="0" c2x="0" c2y="0"/><p colinear="true" x="925" y="452.625" c1x="0" c1y="0" c2x="0" c2y="0"/></points><startConnector><rConnector id="ac"><Owner><atr ref="a2"/></Owner></rConnector></startConnector><endConnector><rConnector id="ad"><Owner><ent ref="15"/></Owner></rConnector></endConnector></lcaf><lcaf id="ae"><points><p colinear="true" x="871.5945945945946" y="479" c1x="0" c1y="0" c2x="0" c2y="0"/><p colinear="true" x="925" y="463.5625" c1x="0" c1y="0" c2x="0" c2y="0"/></points><startConnector><rConnector id="af"><Owner><atr ref="a5"/></Owner></rConnector></startConnector><endConnector><rConnector id="b0"><Owner><ent ref="15"/></Owner></rConnector></endConnector></lcaf><atrchave id="b1" nullable="false" attributeType="NUMBER"><children><e id="b2" x="1168" y="684" w="80" h="20"><a><fillColor><color rgba="#ffffebeb"/></fillColor></a></e><t id="b3" x="1175.3369140625" y="687.015625"><a><fontUnderlined><boolean>true</boolean></fontUnderlined><fontBold><boolean>true</boolean></fontBold><text><string>id_evento</string></text></a></t></children></atrchave><atr id="b4" nullable="false" attributeType="VARCHAR2(128)"><children><e id="b5" x="1166" y="713" w="80" h="20"><a><fillColor><color rgba="#ffffebeb"/></fillColor></a></e><t id="b6" x="1192.4853515625" y="716.015625"><a><text><string>data</string></text></a></t></children></atr><atr id="b7" nullable="false" attributeType="VARCHAR2(128)"><children><e id="b8" x="1151" y="744" w="100.390625" h="20"><a><fillColor><color rgba="#ffffebeb"/></fillColor></a></e><t id="b9" x="1161" y="747.015625"><a><text><string>horario_inicio</string></text></a></t></children></atr><atr id="ba" nullable="false" attributeType="VARCHAR2(128)"><children><e id="bb" x="996" y="16" w="80" h="20"><a><fillColor><color rgba="#ffffebeb"/></fillColor></a></e><t id="bc" x="1001.9541015625" y="19.015625"><a><text><string>horario_fim</string></text></a></t></children></atr><lcaf id="bd"><points><p colinear="true" x="1030.3167877197266" y="36" c1x="0" c1y="0" c2x="0" c2y="0"/><p colinear="true" x="974.6213073730469" y="134" c1x="0" c1y="0" c2x="0" c2y="0"/></points><startConnector><rConnector id="be"><Owner><atr ref="ba"/></Owner></rConnector></startConnector><endConnector><rConnector id="bf"><Owner><ent ref="1b"/></Owner></rConnector></endConnector></lcaf><atr id="c0" nullable="false" attributeType="VARCHAR2(128)"><children><e id="c1" x="1169" y="771" w="80" h="20"><a><fillColor><color rgba="#ffffebeb"/></fillColor></a></e><t id="c2" x="1174.9541015625" y="774.015625"><a><text><string>horario_fim</string></text></a></t></children></atr><atr id="c3" nullable="false" attributeType="VARCHAR2(128)"><children><e id="c4" x="1164" y="796" w="80" h="20"><a><fillColor><color rgba="#ffffebeb"/></fillColor></a></e><t id="c5" x="1185.5634765625" y="799.015625"><a><text><string>status</string></text></a></t></children></atr><atr id="c6" nullable="false" attributeType="VARCHAR2(128)"><children><e id="c7" x="1160" y="823" w="80" h="20"><a><fillColor><color rgba="#ffffebeb"/></fillColor></a></e><t id="c8" x="1182.990234375" y="826.015625"><a><text><string>nome</string></text></a></t></children></atr><lcaf id="c9"><points><p colinear="true" x="1180.2988505747126" y="704" c1x="0" c1y="0" c2x="0" c2y="0"/><p colinear="true" x="1007" y="766.5601659751037" c1x="0" c1y="0" c2x="0" c2y="0"/></points><startConnector><rConnector id="ca"><Owner><atrchave ref="b1"/></Owner></rConnector></startConnector><endConnector><rConnector id="cb"><Owner><ent ref="1e"/></Owner></rConnector></endConnector></lcaf><lcaf id="cc"><points><p colinear="true" x="1166" y="732.7071129707113" c1x="0" c1y="0" c2x="0" c2y="0"/><p colinear="true" x="1007" y="771.2928870292887" c1x="0" c1y="0" c2x="0" c2y="0"/></points><startConnector><rConnector id="cd"><Owner><atr ref="b4"/></Owner></rConnector></startConnector><endConnector><rConnector id="ce"><Owner><ent ref="1e"/></Owner></rConnector></endConnector></lcaf><lcaf id="cf"><points><p colinear="true" x="1151" y="759.7869366514328" c1x="0" c1y="0" c2x="0" c2y="0"/><p colinear="true" x="1007" y="776.388464489442" c1x="0" c1y="0" c2x="0" c2y="0"/></points><startConnector><rConnector id="d0"><Owner><atr ref="b7"/></Owner></rConnector></startConnector><endConnector><rConnector id="d1"><Owner><ent ref="1e"/></Owner></rConnector></endConnector></lcaf><lcaf id="d2"><points><p colinear="true" x="1169" y="781" c1x="0" c1y="0" c2x="0" c2y="0"/><p colinear="true" x="1007" y="781" c1x="0" c1y="0" c2x="0" c2y="0"/></points><startConnector><rConnector id="d3"><Owner><atr ref="c0"/></Owner></rConnector></startConnector><endConnector><rConnector id="d4"><Owner><ent ref="1e"/></Owner></rConnector></endConnector></lcaf><lcaf id="d5"><points><p colinear="true" x="1164" y="801.7805907172996" c1x="0" c1y="0" c2x="0" c2y="0"/><p colinear="true" x="1007" y="785.2194092827004" c1x="0" c1y="0" c2x="0" c2y="0"/></points><startConnector><rConnector id="d6"><Owner><atr ref="c3"/></Owner></rConnector></startConnector><endConnector><rConnector id="d7"><Owner><ent ref="1e"/></Owner></rConnector></endConnector></lcaf><lcaf id="d8"><points><p colinear="true" x="1160" y="824.0729613733905" c1x="0" c1y="0" c2x="0" c2y="0"/><p colinear="true" x="1007" y="789.9270386266095" c1x="0" c1y="0" c2x="0" c2y="0"/></points><startConnector><rConnector id="d9"><Owner><atr ref="c6"/></Owner></rConnector></startConnector><endConnector><rConnector id="da"><Owner><ent ref="1e"/></Owner></rConnector></endConnector></lcaf><atrchave id="db" nullable="false" attributeType="NUMBER"><children><e id="dc" x="1446" y="404" w="80" h="20"><a><fillColor><color rgba="#ffffebeb"/></fillColor></a></e><t id="dd" x="1458.49609375" y="407.015625"><a><fontUnderlined><boolean>true</boolean></fontUnderlined><fontBold><boolean>true</boolean></fontBold><text><string>id_bloco</string></text></a></t></children></atrchave><atr id="de" nullable="false" attributeType="VARCHAR2(128)"><children><e id="df" x="1448" y="431" w="80" h="20"><a><fillColor><color rgba="#ffffebeb"/></fillColor></a></e><t id="e0" x="1470.990234375" y="434.015625"><a><text><string>nome</string></text></a></t></children></atr><atr id="e1" nullable="false" attributeType="VARCHAR2(128)"><children><e id="e2" x="1450" y="459" w="80" h="20"><a><fillColor><color rgba="#ffffebeb"/></fillColor></a></e><t id="e3" x="1461.294921875" y="462.015625"><a><text><string>descricao</string></text></a></t></children></atr><lcaf id="e4"><points><p colinear="true" x="1446" y="423.9290780141844" c1x="0" c1y="0" c2x="0" c2y="0"/><p colinear="true" x="1385" y="439.07092198581563" c1x="0" c1y="0" c2x="0" c2y="0"/></points><startConnector><rConnector id="e5"><Owner><atrchave ref="db"/></Owner></rConnector></startConnector><endConnector><rConnector id="e6"><Owner><ent ref="18"/></Owner></rConnector></endConnector></lcaf><lcaf id="e7"><points><p colinear="true" x="1448" y="443.23776223776224" c1x="0" c1y="0" c2x="0" c2y="0"/><p colinear="true" x="1385" y="446.76223776223776" c1x="0" c1y="0" c2x="0" c2y="0"/></points><startConnector><rConnector id="e8"><Owner><atr ref="de"/></Owner></rConnector></startConnector><endConnector><rConnector id="e9"><Owner><ent ref="18"/></Owner></rConnector></endConnector></lcaf><lcaf id="ea"><points><p colinear="true" x="1450" y="463.48275862068965" c1x="0" c1y="0" c2x="0" c2y="0"/><p colinear="true" x="1385" y="454.51724137931035" c1x="0" c1y="0" c2x="0" c2y="0"/></points><startConnector><rConnector id="eb"><Owner><atr ref="e1"/></Owner></rConnector></startConnector><endConnector><rConnector id="ec"><Owner><ent ref="18"/></Owner></rConnector></endConnector></lcaf><atrchave id="ed" nullable="false" attributeType="NUMBER"><children><e id="ee" x="1232" y="50" w="127.94140625" h="20"><a><fillColor><color rgba="#ffffebeb"/></fillColor></a></e><t id="ef" x="1242" y="53.015625"><a><fontUnderlined><boolean>true</boolean></fontUnderlined><fontBold><boolean>true</boolean></fontBold><text><string>id_equipamento</string></text></a></t></children></atrchave><atr id="f0" nullable="false" attributeType="VARCHAR2(128)"><children><e id="f1" x="1389" y="48" w="47" h="20"><a><fillColor><color rgba="#ffffebeb"/></fillColor></a></e><t id="f2" x="1401.0009765625" y="51.015625"><a><text><string>tipo</string></text></a></t></children></atr><atr id="f3" nullable="false" attributeType="VARCHAR2(128)"><children><e id="f4" x="1471" y="52" w="57.41015625" h="20"><a><fillColor><color rgba="#ffffebeb"/></fillColor></a></e><t id="f5" x="1471.0944894166244" y="55.015625"><a><text><string>descricao</string></text></a></t></children></atr><atr id="f6" nullable="false" attributeType="VARCHAR2(128)"><children><e id="f7" x="1147" y="41" w="69" h="20"><a><fillColor><color rgba="#ffffebeb"/></fillColor></a></e><t id="f8" x="1147.404296875" y="44.015625"><a><text><string>quantidade</string></text></a></t></children></atr><lcaf id="f9"><points><p colinear="true" x="1308.8676215277778" y="70" c1x="0" c1y="0" c2x="0" c2y="0"/><p colinear="true" x="1386.2491319444443" y="130" c1x="0" c1y="0" c2x="0" c2y="0"/></points><startConnector><rConnector id="fa"><Owner><atrchave ref="ed"/></Owner></rConnector></startConnector><endConnector><rConnector id="fb"><Owner><ent ref="45"/></Owner></rConnector></endConnector></lcaf><lcaf id="fc"><points><p colinear="true" x="1412.4503226902175" y="68" c1x="0" c1y="0" c2x="0" c2y="0"/><p colinear="true" x="1412.1423233695652" y="130" c1x="0" c1y="0" c2x="0" c2y="0"/></points><startConnector><rConnector id="fd"><Owner><atr ref="f0"/></Owner></rConnector></startConnector><endConnector><rConnector id="fe"><Owner><ent ref="45"/></Owner></rConnector></endConnector></lcaf><lcaf id="ff"><points><p colinear="true" x="1489.7853507783902" y="72" c1x="0" c1y="0" c2x="0" c2y="0"/><p colinear="true" x="1431.9769128598437" y="130" c1x="0" c1y="0" c2x="0" c2y="0"/></points><startConnector><rConnector id="100"><Owner><atr ref="f3"/></Owner></rConnector></startConnector><endConnector><rConnector id="101"><Owner><ent ref="45"/></Owner></rConnector></endConnector></lcaf><lcaf id="102"><points><p colinear="true" x="1181.9285714285713" y="61" c1x="-95.97858001373629" c1y="-10" c2x="-95.97858001373629" c2y="-10"/><p colinear="true" x="1185.142857142857" y="136" c1x="-95.97858001373629" c1y="-10" c2x="-95.97858001373629" c2y="-10"/></points><startConnector><rConnector id="103"><Owner><atr ref="f6"/></Owner></rConnector></startConnector><endConnector><rConnector id="104"><Owner><rel ref="48"/></Owner></rConnector></endConnector></lcaf><rel id="105"><children><diamond id="106" x="548" y="756" w="125.732421875" h="40"><a><fillColor><color rgba="#ffddddff"/></fillColor></a></diamond><t id="107" x="558" y="769.015625"><a><text><string>Responsabilidade</string></text></a></t></children></rel><llabelMuitos id="108"><points><p colinear="true" x="673.732421875" y="776.8826207013801" c1x="0" c1y="0" c2x="0" c2y="0"/><p colinear="true" x="927" y="780.4384132981976" c1x="0" c1y="0" c2x="0" c2y="0"/></points><startConnector><rConnector id="109"><Owner><rel ref="105"/></Owner></rConnector></startConnector><endConnector><rConnector id="10a"><Owner><ent ref="1e"/></Owner></rConnector></endConnector><a><text><string>N</string></text></a></llabelMuitos><atr id="10b" nullable="false" attributeType="VARCHAR2(128)"><children><e id="10c" x="597" y="53" w="49" h="20"><a><fillColor><color rgba="#ffffebeb"/></fillColor></a></e><t id="10d" x="603.0634765625" y="56.015625"><a><text><string>status</string></text></a></t></children></atr><lcaf id="10e"><points><p colinear="true" x="604.46875" y="73" c1x="0" c1y="0" c2x="0" c2y="0"/><p colinear="true" x="492.0625" y="139" c1x="0" c1y="0" c2x="0" c2y="0"/></points><startConnector><rConnector id="10f"><Owner><atr ref="10b"/></Owner></rConnector></startConnector><endConnector><rConnector id="110"><Owner><ent ref="0"/></Owner></rConnector></endConnector></lcaf><llabelUm id="111"><points><p colinear="true" x="610.7520695957569" y="756" c1x="0" c1y="0" c2x="0" c2y="0"/><p colinear="true" x="609.1141413417431" y="469" c1x="0" c1y="0" c2x="0" c2y="0"/></points><startConnector><rConnector id="112"><Owner><rel ref="105"/></Owner></rConnector></startConnector><endConnector><rConnector id="113"><Owner><ent ref="9"/></Owner></rConnector></endConnector></llabelUm></figures></drawing>